"node","stress_observations","normal_observations","retained_stress_weight","weighted_stress_value","weighted_normal_value","weighted_difference","measure","scenario","threshold_pct"
"AECI",84,8496,1,0.229162242605937,0.189664168853663,0.0394980737522747,"gross_import_ratio","lower",0.01
"GCPD",88,8659,1,0.248784259480405,0.235182580099736,0.0136016793806683,"gross_import_ratio","lower",0.01
"PNM",88,8671,1,0.207641307336114,0.197456169866615,0.0101851374694989,"gross_import_ratio","lower",0.01
"PSCO",88,8661,1,0.0390492514650079,0.0335648223953246,0.00548442906968327,"gross_import_ratio","lower",0.01
"SCL",88,8506,1,0.623028062057679,0.562847498207027,0.0601805638506518,"gross_import_ratio","lower",0.01
"TPWR",88,8607,1,0.74962746111964,0.681781663315398,0.0678457978042419,"gross_import_ratio","lower",0.01
"TVA",79,7908,1,0.140811191625062,0.105371091646911,0.0354400999781516,"gross_import_ratio","lower",0.01
"AECI",84,8496,1,0.0371780943139971,-0.00907659065319623,0.0462546849671933,"raw_net_import_ratio","lower",0.01
"GCPD",88,8659,1,0.0726053717918258,-0.0178113047857701,0.090416676577596,"raw_net_import_ratio","lower",0.01
"PNM",88,8671,1,0.0225649123957935,-0.0438906128728883,0.0664555252686818,"raw_net_import_ratio","lower",0.01
"PSCO",88,8661,1,0.00461362057035627,-0.00399204377684765,0.00860566434720392,"raw_net_import_ratio","lower",0.01
"SCL",88,8506,1,0.623028062057679,0.561439919541895,0.0615881425157843,"raw_net_import_ratio","lower",0.01
"TPWR",88,8607,1,0.649640115336654,0.596380578871509,0.0532595364651448,"raw_net_import_ratio","lower",0.01
"TVA",79,7908,1,0.117571742962301,0.0667517891585834,0.0508199538037174,"raw_net_import_ratio","lower",0.01
"AECI",84,8496,1,0.039793996593784,0.00200396819990384,0.0377900283938801,"net_import_dependence","lower",0.01
"GCPD",88,8659,1,0.0936719261149127,0.0324721409281968,0.0611997851867159,"net_import_dependence","lower",0.01
"PNM",88,8671,1,0.0240223517587143,0.0030488829311047,0.0209734688276096,"net_import_dependence","lower",0.01
"PSCO",88,8661,1,0.017210785941771,0.0081482662217115,0.00906251972005948,"net_import_dependence","lower",0.01
"SCL",88,8506,1,0.623028062057679,0.561439919541895,0.0615881425157843,"net_import_dependence","lower",0.01
"TPWR",88,8607,1,0.649640115336654,0.596380578871509,0.0532595364651448,"net_import_dependence","lower",0.01
"TVA",79,7908,1,0.117571742962301,0.0667517891585834,0.0508199538037174,"net_import_dependence","lower",0.01
"AECI",84,8496,1,0.00261590227978683,0.0110805588531001,-0.00846465657331324,"net_export_intensity","lower",0.01
"GCPD",88,8659,1,0.0210665543230869,0.0502834457139669,-0.02921689139088,"net_export_intensity","lower",0.01
"PNM",88,8671,1,0.00145743936292075,0.046939495803993,-0.0454820564410723,"net_export_intensity","lower",0.01
"PSCO",88,8661,1,0.0125971653714147,0.0121403099985592,0.00045685537285556,"net_export_intensity","lower",0.01
"SCL",88,8506,1,0,0,0,"net_export_intensity","lower",0.01
"TPWR",88,8607,1,0,0,0,"net_export_intensity","lower",0.01
"TVA",79,7908,1,0,0,0,"net_export_intensity","lower",0.01
"AECI",84,8496,1,0.253113468269631,0.196579713000158,0.0565337552694736,"gross_import_ratio","mid",0.01
"GCPD",88,8659,1,0.249241609151779,0.235563139889994,0.0136784692617855,"gross_import_ratio","mid",0.01
"PNM",88,8671,1,0.207641307336114,0.197497621796088,0.0101436855400259,"gross_import_ratio","mid",0.01
"PSCO",88,8661,1,0.0390492514650079,0.0335653796776647,0.00548387178734315,"gross_import_ratio","mid",0.01
"SCL",88,8506,1,0.623028062057679,0.562847498207027,0.0601805638506518,"gross_import_ratio","mid",0.01
"TPWR",88,8607,1,0.749647785350906,0.681954118299745,0.067693667051161,"gross_import_ratio","mid",0.01
"TVA",79,7908,1,0.141919484227711,0.106973651820191,0.0349458324075196,"gross_import_ratio","mid",0.01
"AECI",84,8496,1,0.05994703747744,-0.00498446222610133,0.0649314997035414,"raw_net_import_ratio","mid",0.01
"GCPD",88,8659,1,0.0727162494787725,-0.0179634436421464,0.0906796931209189,"raw_net_import_ratio","mid",0.01
"PNM",88,8671,1,0.0225649123957935,-0.043849572140402,0.0664144845361955,"raw_net_import_ratio","mid",0.01
"PSCO",88,8661,1,0.00461362057035627,-0.00399214001430175,0.00860576058465801,"raw_net_import_ratio","mid",0.01
"SCL",88,8506,1,0.623028062057679,0.561439919541895,0.0615881425157843,"raw_net_import_ratio","mid",0.01
"TPWR",88,8607,1,0.64966043956792,0.596553033855856,0.053107405712064,"raw_net_import_ratio","mid",0.01
"TVA",79,7908,1,0.115939304420092,0.065009914560788,0.0509293898593043,"raw_net_import_ratio","mid",0.01
"AECI",84,8496,1,0.0600335969546208,0.00357646867928452,0.0564571282753363,"net_import_dependence","mid",0.01
"GCPD",88,8659,1,0.0937598853863022,0.0325188226646614,0.0612410627216408,"net_import_dependence","mid",0.01
"PNM",88,8671,1,0.0240223517587143,0.00304921580787904,0.0209731359508352,"net_import_dependence","mid",0.01
"PSCO",88,8661,1,0.017210785941771,0.00814843566928041,0.00906235027249057,"net_import_dependence","mid",0.01
"SCL",88,8506,1,0.623028062057679,0.561439919541895,0.0615881425157843,"net_import_dependence","mid",0.01
"TPWR",88,8607,1,0.64966043956792,0.596553033855856,0.053107405712064,"net_import_dependence","mid",0.01
"TVA",79,7908,1,0.115939304420092,0.065009914560788,0.0509293898593043,"net_import_dependence","mid",0.01
"AECI",84,8496,1,8.65594771807578e-05,0.00856093090538585,-0.00847437142820509,"net_export_intensity","mid",0.01
"GCPD",88,8659,1,0.0210436359075297,0.0504822663068078,-0.0294386303992781,"net_export_intensity","mid",0.01
"PNM",88,8671,1,0.00145743936292075,0.046898787948281,-0.0454413485853603,"net_export_intensity","mid",0.01
"PSCO",88,8661,1,0.0125971653714147,0.0121405756835822,0.00045658968783256,"net_export_intensity","mid",0.01
"SCL",88,8506,1,0,0,0,"net_export_intensity","mid",0.01
"TPWR",88,8607,1,0,0,0,"net_export_intensity","mid",0.01
"TVA",79,7908,1,0,0,0,"net_export_intensity","mid",0.01
"AECI",84,8496,1,0.277064693933325,0.203495257146652,0.0735694367866727,"gross_import_ratio","upper",0.01
"GCPD",88,8659,1,0.249698958823153,0.235943699680251,0.0137552591429025,"gross_import_ratio","upper",0.01
"PNM",88,8671,1,0.207641307336114,0.197539073725561,0.010102233610553,"gross_import_ratio","upper",0.01
"PSCO",88,8661,1,0.0390492514650079,0.0335659369600048,0.00548331450500304,"gross_import_ratio","upper",0.01
"SCL",88,8506,1,0.623028062057679,0.562847498207027,0.0601805638506518,"gross_import_ratio","upper",0.01
"TPWR",88,8607,1,0.749668109582172,0.682126573284092,0.0675415362980801,"gross_import_ratio","upper",0.01
"TVA",79,7908,1,0.143027776830359,0.108576211993471,0.0344515648368877,"gross_import_ratio","upper",0.01
"AECI",84,8496,1,0.082715980640883,-0.000892333799006426,0.0836083144398894,"raw_net_import_ratio","upper",0.01
"GCPD",88,8659,1,0.0728271271657192,-0.0181155824985227,0.0909427096642419,"raw_net_import_ratio","upper",0.01
"PNM",88,8671,1,0.0225649123957935,-0.0438085314079156,0.0663734438037092,"raw_net_import_ratio","upper",0.01
"PSCO",88,8661,1,0.00461362057035627,-0.00399223625175584,0.00860585682211211,"raw_net_import_ratio","upper",0.01
"SCL",88,8506,1,0.623028062057679,0.561439919541895,0.0615881425157843,"raw_net_import_ratio","upper",0.01
"TPWR",88,8607,1,0.649680763799186,0.596725488840203,0.052955274958983,"raw_net_import_ratio","upper",0.01
"TVA",79,7908,1,0.114306865877884,0.0632680399629927,0.0510388259148912,"raw_net_import_ratio","upper",0.01
"AECI",84,8496,1,0.082715980640883,0.00530677755235333,0.0774092030885297,"net_import_dependence","upper",0.01
"GCPD",88,8659,1,0.0938478446576917,0.032565504401126,0.0612823402565657,"net_import_dependence","upper",0.01
"PNM",88,8671,1,0.0240223517587143,0.00304954868465339,0.0209728030740609,"net_import_dependence","upper",0.01
"PSCO",88,8661,1,0.017210785941771,0.00814860511684931,0.00906218082492167,"net_import_dependence","upper",0.01
"SCL",88,8506,1,0.623028062057679,0.561439919541895,0.0615881425157843,"net_import_dependence","upper",0.01
"TPWR",88,8607,1,0.649680763799186,0.596725488840203,0.052955274958983,"net_import_dependence","upper",0.01
"TVA",79,7908,1,0.114306865877884,0.0632680399629927,0.0510388259148912,"net_import_dependence","upper",0.01
"AECI",84,8496,1,0,0.00619911135135975,-0.00619911135135975,"net_export_intensity","upper",0.01
"GCPD",88,8659,1,0.0210207174919725,0.0506810868996487,-0.0296603694076762,"net_export_intensity","upper",0.01
"PNM",88,8671,1,0.00145743936292075,0.046858080092569,-0.0454006407296483,"net_export_intensity","upper",0.01
"PSCO",88,8661,1,0.0125971653714147,0.0121408413686052,0.000456324002809561,"net_export_intensity","upper",0.01
"SCL",88,8506,1,0,0,0,"net_export_intensity","upper",0.01
"TPWR",88,8607,1,0,0,0,"net_export_intensity","upper",0.01
"TVA",79,7908,1,0,0,0,"net_export_intensity","upper",0.01
"NW",78,7193,1,0.023775776291709,0.0157077131937421,0.00806806309796686,"gross_import_ratio","lower",0.01
"NW",78,7193,1,0.0146530070454239,-0.00936944317465328,0.0240224502200772,"raw_net_import_ratio","lower",0.01
"NW",78,7193,1,0.0153132675467916,0,0.0153132675467916,"net_import_dependence","lower",0.01
"NW",78,7193,1,0.000660260501367691,0.00936944317465328,-0.00870918267328559,"net_export_intensity","lower",0.01
"NW",78,7193,1,0.0247189815209217,0.0171123687363455,0.0076066127845762,"gross_import_ratio","mid",0.01
"NW",78,7193,1,0.0150701800257942,-0.00823109045207659,0.0233012704778708,"raw_net_import_ratio","mid",0.01
"NW",78,7193,1,0.015724492500402,0,0.015724492500402,"net_import_dependence","mid",0.01
"NW",78,7193,1,0.0006543124746078,0.00823109045207659,-0.00757677797746879,"net_export_intensity","mid",0.01
"NW",78,7193,1,0.0256621867501344,0.0185170242789488,0.00714516247118555,"gross_import_ratio","upper",0.01
"NW",78,7193,1,0.0154873530061646,-0.00709273772949991,0.0225800907356645,"raw_net_import_ratio","upper",0.01
"NW",78,7193,1,0.0161357174540125,0,0.0161357174540125,"net_import_dependence","upper",0.01
"NW",78,7193,1,0.000648364447847908,0.00709273772949991,-0.006444373281652,"net_export_intensity","upper",0.01
"AECI",408,8172,1,0.219826343836418,0.165826692431955,0.0539996514044624,"gross_import_ratio","lower",0.05
"GCPD",437,8310,1,0.268290811486263,0.186065419421591,0.0822253920646725,"gross_import_ratio","lower",0.05
"PNM",438,8321,1,0.221765139899745,0.201185302832059,0.0205798370676863,"gross_import_ratio","lower",0.05
"PSCO",438,8311,1,0.0415883440493309,0.0249286191650213,0.0166597248843096,"gross_import_ratio","lower",0.05
"SCL",438,8156,1,0.582713589665149,0.497284315913044,0.0854292737521049,"gross_import_ratio","lower",0.05
"TPWR",438,8257,1,0.74021665596578,0.625070921730712,0.115145734235069,"gross_import_ratio","lower",0.05
"TVA",396,7591,1,0.126209676543276,0.0919769848324232,0.0342326917108526,"gross_import_ratio","lower",0.05
"AECI",408,8172,1,0.0422375789177679,-0.0742614458850062,0.116499024802774,"raw_net_import_ratio","lower",0.05
"GCPD",437,8310,1,0.0242269119787281,-0.139846791779569,0.164073703758297,"raw_net_import_ratio","lower",0.05
"PNM",438,8321,1,0.0110960572543524,-0.0667164760621314,0.0778125333164838,"raw_net_import_ratio","lower",0.05
"PSCO",438,8311,1,0.00710876300878128,-0.0220828933145474,0.0291916563233287,"raw_net_import_ratio","lower",0.05
"SCL",438,8156,1,0.581151715124152,0.495331771718125,0.085819943406027,"raw_net_import_ratio","lower",0.05
"TPWR",438,8257,1,0.647069194213468,0.545638922509665,0.101430271703803,"raw_net_import_ratio","lower",0.05
"TVA",396,7591,1,0.100597571249223,0.0394645389116026,0.0611330323376202,"raw_net_import_ratio","lower",0.05
"AECI",408,8172,1,0.04311457892303,0.000492357962727355,0.0426222209603027,"net_import_dependence","lower",0.05
"GCPD",437,8310,1,0.0987372967256603,0.0163846260456058,0.0823526706800544,"net_import_dependence","lower",0.05
"PNM",438,8321,1,0.0251706204998328,0.00675064387906248,0.0184199766207703,"net_import_dependence","lower",0.05
"PSCO",438,8311,1,0.0212210468948849,0.00350762873874083,0.0177134181561441,"net_import_dependence","lower",0.05
"SCL",438,8156,1,0.581151715124152,0.495331771718125,0.085819943406027,"net_import_dependence","lower",0.05
"TPWR",438,8257,1,0.647069194213468,0.545638922509665,0.101430271703803,"net_import_dependence","lower",0.05
"TVA",396,7591,1,0.100597571249223,0.0394645389116026,0.0611330323376202,"net_import_dependence","lower",0.05
"AECI",408,8172,1,0.000877000005262122,0.0747538038477336,-0.0738768038424715,"net_export_intensity","lower",0.05
"GCPD",437,8310,1,0.0745103847469322,0.156231417825175,-0.0817210330782424,"net_export_intensity","lower",0.05
"PNM",438,8321,1,0.0140745632454804,0.0734671199411939,-0.0593925566957135,"net_export_intensity","lower",0.05
"PSCO",438,8311,1,0.0141122838861036,0.0255905220532882,-0.0114782381671846,"net_export_intensity","lower",0.05
"SCL",438,8156,1,0,0,0,"net_export_intensity","lower",0.05
"TPWR",438,8257,1,0,0,0,"net_export_intensity","lower",0.05
"TVA",396,7591,1,0,0,0,"net_export_intensity","lower",0.05
"AECI",408,8172,1,0.235468701189077,0.167354596110813,0.0681141050782649,"gross_import_ratio","mid",0.05
"GCPD",437,8310,1,0.268644955978373,0.186465668946562,0.0821792870318112,"gross_import_ratio","mid",0.05
"PNM",438,8321,1,0.22176807325123,0.201245772571743,0.0205223006794875,"gross_import_ratio","mid",0.05
"PSCO",438,8311,1,0.0415883440493309,0.0249303598908465,0.0166579841584844,"gross_import_ratio","mid",0.05
"SCL",438,8156,1,0.587668041220979,0.499825852059908,0.0878421891610716,"gross_import_ratio","mid",0.05
"TPWR",438,8257,1,0.743363435406228,0.626719894280135,0.116643541126092,"gross_import_ratio","mid",0.05
"TVA",396,7591,1,0.128268933053393,0.0938290705759599,0.0344398624774329,"gross_import_ratio","mid",0.05
"AECI",408,8172,1,0.0563107012939,-0.0762015529377894,0.132512254231689,"raw_net_import_ratio","mid",0.05
"GCPD",437,8310,1,0.0240696098065253,-0.140025288012429,0.164094897818954,"raw_net_import_ratio","mid",0.05
"PNM",438,8321,1,0.011096679287263,-0.0666563063041334,0.0777529855913965,"raw_net_import_ratio","mid",0.05
"PSCO",438,8311,1,0.00710816266413588,-0.0220819330154717,0.0291900956796075,"raw_net_import_ratio","mid",0.05
"SCL",438,8156,1,0.586106166679982,0.497873307864989,0.0882328588149938,"raw_net_import_ratio","mid",0.05
"TPWR",438,8257,1,0.650215973653915,0.547287848655458,0.102928124998457,"raw_net_import_ratio","mid",0.05
"TVA",396,7591,1,0.0997267478847928,0.0371248256641175,0.0626019222206752,"raw_net_import_ratio","mid",0.05
"AECI",408,8172,1,0.0566197301275263,0.000472681687701263,0.0561470484398251,"net_import_dependence","mid",0.05
"GCPD",437,8310,1,0.098711183956931,0.0164201321508496,0.0822910518060814,"net_import_dependence","mid",0.05
"PNM",438,8321,1,0.0251735538513177,0.00675284711868698,0.0184207067326307,"net_import_dependence","mid",0.05
"PSCO",438,8311,1,0.0212204465502395,0.00350905748795112,0.0177113890622884,"net_import_dependence","mid",0.05
"SCL",438,8156,1,0.586106166679982,0.497873307864989,0.0882328588149938,"net_import_dependence","mid",0.05
"TPWR",438,8257,1,0.650215973653915,0.547287848655458,0.102928124998457,"net_import_dependence","mid",0.05
"TVA",396,7591,1,0.0997267478847928,0.0371248256641175,0.0626019222206752,"net_import_dependence","mid",0.05
"AECI",408,8172,1,0.000309028833626293,0.0766742346254906,-0.0763652057918643,"net_export_intensity","mid",0.05
"GCPD",437,8310,1,0.0746415741504057,0.156445420163278,-0.0818038460128725,"net_export_intensity","mid",0.05
"PNM",438,8321,1,0.0140768745640546,0.0734091534228204,-0.0593322788587658,"net_export_intensity","mid",0.05
"PSCO",438,8311,1,0.0141122838861036,0.0255909905034228,-0.0114787066173191,"net_export_intensity","mid",0.05
"SCL",438,8156,1,0,0,0,"net_export_intensity","mid",0.05
"TPWR",438,8257,1,0,0,0,"net_export_intensity","mid",0.05
"TVA",396,7591,1,0,0,0,"net_export_intensity","mid",0.05
"AECI",408,8172,1,0.251111058541737,0.16888249978967,0.0822285587520673,"gross_import_ratio","upper",0.05
"GCPD",437,8310,1,0.268999100470482,0.186865918471532,0.0821331819989499,"gross_import_ratio","upper",0.05
"PNM",438,8321,1,0.221771006602715,0.201306242311426,0.0204647642912886,"gross_import_ratio","upper",0.05
"PSCO",438,8311,1,0.0415883440493309,0.0249321006166717,0.0166562434326592,"gross_import_ratio","upper",0.05
"SCL",438,8156,1,0.59262249277681,0.502367388206772,0.0902551045700379,"gross_import_ratio","upper",0.05
"TPWR",438,8257,1,0.746510214846675,0.628368866829559,0.118141348017116,"gross_import_ratio","upper",0.05
"TVA",396,7591,1,0.13032818956351,0.0956811563194966,0.0346470332440133,"gross_import_ratio","upper",0.05
"AECI",408,8172,1,0.0703838236700322,-0.0781416599905724,0.148525483660605,"raw_net_import_ratio","upper",0.05
"GCPD",437,8310,1,0.0239123076343226,-0.140203784245288,0.164116091879611,"raw_net_import_ratio","upper",0.05
"PNM",438,8321,1,0.0110973013201737,-0.0665961365461355,0.0776934378663092,"raw_net_import_ratio","upper",0.05
"PSCO",438,8311,1,0.00710756231949048,-0.0220809727163959,0.0291885350358864,"raw_net_import_ratio","upper",0.05
"SCL",438,8156,1,0.591060618235813,0.500414844011853,0.0906457742239601,"raw_net_import_ratio","upper",0.05
"TPWR",438,8257,1,0.653362753094363,0.548936774801251,0.104425978293112,"raw_net_import_ratio","upper",0.05
"TVA",396,7591,1,0.0988559245203628,0.0347851124166324,0.0640708121037303,"raw_net_import_ratio","upper",0.05
"AECI",408,8172,1,0.0703838236700322,0.000453005412675172,0.069930818257357,"net_import_dependence","upper",0.05
"GCPD",437,8310,1,0.0986850711882018,0.0164556382560934,0.0822294329321085,"net_import_dependence","upper",0.05
"PNM",438,8321,1,0.0251764872028026,0.00675505035831147,0.0184214368444911,"net_import_dependence","upper",0.05
"PSCO",438,8311,1,0.0212198462055941,0.0035104862371614,0.0177093599684327,"net_import_dependence","upper",0.05
"SCL",438,8156,1,0.591060618235813,0.500414844011853,0.0906457742239601,"net_import_dependence","upper",0.05
"TPWR",438,8257,1,0.653362753094363,0.548936774801251,0.104425978293112,"net_import_dependence","upper",0.05
"TVA",396,7591,1,0.0988559245203628,0.0347851124166324,0.0640708121037303,"net_import_dependence","upper",0.05
"AECI",408,8172,1,0,0.0785946654032476,-0.0785946654032476,"net_export_intensity","upper",0.05
"GCPD",437,8310,1,0.0747727635538793,0.156659422501382,-0.0818866589475026,"net_export_intensity","upper",0.05
"PNM",438,8321,1,0.0140791858826289,0.073351186904447,-0.059272001021818,"net_export_intensity","upper",0.05
"PSCO",438,8311,1,0.0141122838861036,0.0255914589535573,-0.0114791750674537,"net_export_intensity","upper",0.05
"SCL",438,8156,1,0,0,0,"net_export_intensity","upper",0.05
"TPWR",438,8257,1,0,0,0,"net_export_intensity","upper",0.05
"TVA",396,7591,1,0,0,0,"net_export_intensity","upper",0.05
"NW",386,6885,0.997716894977169,0.0154712269543484,0.0139418541714742,0.00152937278287416,"gross_import_ratio","lower",0.05
"NW",386,6885,0.997716894977169,-0.00978895706647303,-0.0163447861789316,0.00655582911245857,"raw_net_import_ratio","lower",0.05
"NW",386,6885,0.997716894977169,0.000721614615689522,5.6130913173477e-05,0.000665483702516045,"net_import_dependence","lower",0.05
"NW",386,6885,0.997716894977169,0.0105105716821625,0.0164009170921051,-0.00589034540994253,"net_export_intensity","lower",0.05
"NW",386,6885,0.997716894977169,0.016541017693037,0.0155032839932557,0.00103773369978134,"gross_import_ratio","mid",0.05
"NW",386,6885,0.997716894977169,-0.00905700787732978,-0.0151186236578457,0.00606161578051596,"raw_net_import_ratio","mid",0.05
"NW",386,6885,0.997716894977169,0.000935711389994125,0.000412050478150451,0.000523660911843674,"net_import_dependence","mid",0.05
"NW",386,6885,0.997716894977169,0.00999271926732391,0.0155306741359962,-0.00553795486867229,"net_export_intensity","mid",0.05
"NW",386,6885,0.997716894977169,0.0176108084317256,0.0170647138150371,0.000546094616688531,"gross_import_ratio","upper",0.05
"NW",386,6885,0.997716894977169,-0.00832505868818654,-0.0138924611367599,0.00556740244857336,"raw_net_import_ratio","upper",0.05
"NW",386,6885,0.997716894977169,0.00128173527657107,0.000804655072536376,0.000477080204034696,"net_import_dependence","upper",0.05
"NW",386,6885,0.997716894977169,0.00960679396475761,0.0146971162092963,-0.00509032224453867,"net_export_intensity","upper",0.05
"AECI",825,7755,1,0.212941114558455,0.152016282740897,0.0609248318175574,"gross_import_ratio","lower",0.1
"GCPD",872,7875,1,0.24999859920709,0.158426197992336,0.0915724012147541,"gross_import_ratio","lower",0.1
"PNM",876,7883,1,0.233132475758194,0.230090168702507,0.00304230705568717,"gross_import_ratio","lower",0.1
"PSCO",875,7874,1,0.0376229348735096,0.0248394059742373,0.0127835288992722,"gross_import_ratio","lower",0.1
"SCL",876,7718,1,0.558099176780423,0.46011957635536,0.0979796004250626,"gross_import_ratio","lower",0.1
"TPWR",872,7823,1,0.699901087665395,0.609464243647469,0.0904368440179254,"gross_import_ratio","lower",0.1
"TVA",777,7210,1,0.120967568033374,0.0885661970185854,0.032401371014789,"gross_import_ratio","lower",0.1
"AECI",825,7755,1,0.020868350950784,-0.101314769926393,0.122183120877177,"raw_net_import_ratio","lower",0.1
"GCPD",872,7875,1,-0.0455743382950502,-0.230063260821257,0.184488922526207,"raw_net_import_ratio","lower",0.1
"PNM",876,7883,1,-0.00617557603636357,-0.0550327270998197,0.0488571510634561,"raw_net_import_ratio","lower",0.1
"PSCO",875,7874,1,-0.00267888039066428,-0.0281832649539336,0.0255043845632693,"raw_net_import_ratio","lower",0.1
"SCL",876,7718,1,0.556737458340712,0.454663621788565,0.102073836552147,"raw_net_import_ratio","lower",0.1
"TPWR",872,7823,1,0.609768718839275,0.531691094532,0.0780776243072748,"raw_net_import_ratio","lower",0.1
"TVA",777,7210,1,0.0884473256576313,0.0281632840828378,0.0602840415747935,"raw_net_import_ratio","lower",0.1
"AECI",825,7755,1,0.0309287811428176,0.000304867251062689,0.0306239138917549,"net_import_dependence","lower",0.1
"GCPD",872,7875,1,0.0824271850048523,0.0127915014589349,0.0696356835459174,"net_import_dependence","lower",0.1
"PNM",876,7883,1,0.0312245970802356,0.0211536277396711,0.0100709693405646,"net_import_dependence","lower",0.1
"PSCO",875,7874,1,0.0155854886595475,0.00264631364716456,0.012939175012383,"net_import_dependence","lower",0.1
"SCL",876,7718,1,0.556737458340712,0.454663621788565,0.102073836552147,"net_import_dependence","lower",0.1
"TPWR",872,7823,1,0.609768718839275,0.531691094532,0.0780776243072748,"net_import_dependence","lower",0.1
"TVA",777,7210,1,0.0884473256576313,0.0281632840828378,0.0602840415747935,"net_import_dependence","lower",0.1
"AECI",825,7755,1,0.0100604301920336,0.101619637177456,-0.0915592069854221,"net_export_intensity","lower",0.1
"GCPD",872,7875,1,0.128001523299902,0.242854762280192,-0.11485323898029,"net_export_intensity","lower",0.1
"PNM",876,7883,1,0.0374001731165992,0.0761863548394908,-0.0387861817228916,"net_export_intensity","lower",0.1
"PSCO",875,7874,1,0.0182643690502118,0.0308295786010982,-0.0125652095508864,"net_export_intensity","lower",0.1
"SCL",876,7718,1,0,0,0,"net_export_intensity","lower",0.1
"TPWR",872,7823,1,0,0,0,"net_export_intensity","lower",0.1
"TVA",777,7210,1,0,0,0,"net_export_intensity","lower",0.1
"AECI",825,7755,1,0.224448459194763,0.152643738276257,0.0718047209185055,"gross_import_ratio","mid",0.1
"GCPD",872,7875,1,0.250362139689457,0.15862492500968,0.0917372146797778,"gross_import_ratio","mid",0.1
"PNM",876,7883,1,0.233135165048045,0.230167914580895,0.00296725046714949,"gross_import_ratio","mid",0.1
"PSCO",875,7874,1,0.0376245323551327,0.0248429631474158,0.0127815692077168,"gross_import_ratio","mid",0.1
"SCL",876,7718,1,0.571169284151218,0.467228962840986,0.103940321310232,"gross_import_ratio","mid",0.1
"TPWR",872,7823,1,0.708274951209441,0.614310693170458,0.0939642580389836,"gross_import_ratio","mid",0.1
"TVA",777,7210,1,0.124098768242828,0.090819225499436,0.033279542743392,"gross_import_ratio","mid",0.1
"AECI",825,7755,1,0.0305337397720313,-0.103689990361252,0.134223730133284,"raw_net_import_ratio","mid",0.1
"GCPD",872,7875,1,-0.0457783135421197,-0.230420207540632,0.184641893998512,"raw_net_import_ratio","mid",0.1
"PNM",876,7883,1,-0.00617405839730084,-0.0549577918923429,0.0487837334950421,"raw_net_import_ratio","mid",0.1
"PSCO",875,7874,1,-0.00267758864185787,-0.0281810215300303,0.0255034328881724,"raw_net_import_ratio","mid",0.1
"SCL",876,7718,1,0.569807565711507,0.461773003670117,0.10803456204139,"raw_net_import_ratio","mid",0.1
"TPWR",872,7823,1,0.618142582383321,0.536536926655812,0.0816056557275091,"raw_net_import_ratio","mid",0.1
"TVA",777,7210,1,0.0884772179222227,0.0250476683146765,0.0634295496075462,"raw_net_import_ratio","mid",0.1
"AECI",825,7755,1,0.0363015151200077,0.00026275923941503,0.0360387558805927,"net_import_dependence","mid",0.1
"GCPD",872,7875,1,0.0824509230431192,0.0127448555286716,0.0697060675144476,"net_import_dependence","mid",0.1
"PNM",876,7883,1,0.0312258216382813,0.0211548676843988,0.0100709539538825,"net_import_dependence","mid",0.1
"PSCO",875,7874,1,0.0155867804083539,0.00264924026044748,0.0129375401479065,"net_import_dependence","mid",0.1
"SCL",876,7718,1,0.569807565711507,0.461773003670117,0.10803456204139,"net_import_dependence","mid",0.1
"TPWR",872,7823,1,0.618142582383321,0.536536926655812,0.0816056557275091,"net_import_dependence","mid",0.1
"TVA",777,7210,1,0.0884772179222227,0.0250476683146765,0.0634295496075462,"net_import_dependence","mid",0.1
"AECI",825,7755,1,0.00576777534797636,0.103952749600667,-0.098184974252691,"net_export_intensity","mid",0.1
"GCPD",872,7875,1,0.128229236585239,0.243165063069303,-0.114935826484064,"net_export_intensity","mid",0.1
"PNM",876,7883,1,0.0373998800355822,0.0761126595767418,-0.0387127795411596,"net_export_intensity","mid",0.1
"PSCO",875,7874,1,0.0182643690502118,0.0308302617904778,-0.0125658927402659,"net_export_intensity","mid",0.1
"SCL",876,7718,1,0,0,0,"net_export_intensity","mid",0.1
"TPWR",872,7823,1,0,0,0,"net_export_intensity","mid",0.1
"TVA",777,7210,1,0,0,0,"net_export_intensity","mid",0.1
"AECI",825,7755,1,0.235955803831071,0.153271193811618,0.0826846100194533,"gross_import_ratio","upper",0.1
"GCPD",872,7875,1,0.250725680171825,0.158823652027023,0.0919020281448017,"gross_import_ratio","upper",0.1
"PNM",876,7883,1,0.233137854337895,0.230245660459284,0.00289219387861187,"gross_import_ratio","upper",0.1
"PSCO",875,7874,1,0.0376261298367558,0.0248465203205943,0.0127796095161615,"gross_import_ratio","upper",0.1
"SCL",876,7718,1,0.584239391522015,0.474338349326612,0.109901042195403,"gross_import_ratio","upper",0.1
"TPWR",872,7823,1,0.716648814753488,0.619157142693446,0.0974916720600427,"gross_import_ratio","upper",0.1
"TVA",777,7210,1,0.127229968452282,0.0930722539802867,0.034157714471995,"gross_import_ratio","upper",0.1
"AECI",825,7755,1,0.0401991285932787,-0.106065210796112,0.14626433938939,"raw_net_import_ratio","upper",0.1
"GCPD",872,7875,1,-0.0459822887891892,-0.230777154260006,0.184794865470817,"raw_net_import_ratio","upper",0.1
"PNM",876,7883,1,-0.00617254075823812,-0.0548828566848662,0.048710315926628,"raw_net_import_ratio","upper",0.1
"PSCO",875,7874,1,-0.00267629689305146,-0.0281787781061269,0.0255024812130755,"raw_net_import_ratio","upper",0.1
"SCL",876,7718,1,0.582877673082303,0.468882385551669,0.113995287530634,"raw_net_import_ratio","upper",0.1
"TPWR",872,7823,1,0.626516445927368,0.541382758779624,0.0851336871477433,"raw_net_import_ratio","upper",0.1
"TVA",777,7210,1,0.0885071101868141,0.0219320525465151,0.066575057640299,"raw_net_import_ratio","upper",0.1
"AECI",825,7755,1,0.0418659517666927,0.000224285246989387,0.0416416665197033,"net_import_dependence","upper",0.1
"GCPD",872,7875,1,0.082474661081386,0.0126982095984083,0.0697764514829777,"net_import_dependence","upper",0.1
"PNM",876,7883,1,0.031227046196327,0.0211561076291266,0.0100709385672004,"net_import_dependence","upper",0.1
"PSCO",875,7874,1,0.0155880721571604,0.00265216687373039,0.01293590528343,"net_import_dependence","upper",0.1
"SCL",876,7718,1,0.582877673082303,0.468882385551669,0.113995287530634,"net_import_dependence","upper",0.1
"TPWR",872,7823,1,0.626516445927368,0.541382758779624,0.0851336871477433,"net_import_dependence","upper",0.1
"TVA",777,7210,1,0.0885071101868141,0.0219320525465151,0.066575057640299,"net_import_dependence","upper",0.1
"AECI",825,7755,1,0.001666823173414,0.106289496043101,-0.104622672869687,"net_export_intensity","upper",0.1
"GCPD",872,7875,1,0.128456949870575,0.243475363858414,-0.115018413987839,"net_export_intensity","upper",0.1
"PNM",876,7883,1,0.0373995869545652,0.0760389643139928,-0.0386393773594276,"net_export_intensity","upper",0.1
"PSCO",875,7874,1,0.0182643690502118,0.0308309449798573,-0.0125665759296455,"net_export_intensity","upper",0.1
"SCL",876,7718,1,0,0,0,"net_export_intensity","upper",0.1
"TPWR",872,7823,1,0,0,0,"net_export_intensity","upper",0.1
"TVA",777,7210,1,0,0,0,"net_export_intensity","upper",0.1
"NW",793,6478,1,0.0126517978409016,0.013684060376345,-0.00103226253544341,"gross_import_ratio","lower",0.1
"NW",793,6478,1,-0.0222547566870248,-0.0251476592264816,0.00289290253945676,"raw_net_import_ratio","lower",0.1
"NW",793,6478,1,0.000708274947783336,4.42783849678569e-05,0.000663996562815479,"net_import_dependence","lower",0.1
"NW",793,6478,1,0.0229630316348081,0.0251919376114494,-0.00222890597664127,"net_export_intensity","lower",0.1
"NW",793,6478,1,0.0137592607876876,0.0150733934080659,-0.00131413262037828,"gross_import_ratio","mid",0.1
"NW",793,6478,1,-0.0215081511225842,-0.02419258762495,0.00268443650236579,"raw_net_import_ratio","mid",0.1
"NW",793,6478,1,0.00087747025245284,4.18492514944806e-05,0.00083562100095836,"net_import_dependence","mid",0.1
"NW",793,6478,1,0.0223856213750371,0.0242344368764445,-0.00184881550140742,"net_export_intensity","mid",0.1
"NW",793,6478,1,0.0148667237344737,0.0164627264397868,-0.00159600270531315,"gross_import_ratio","upper",0.1
"NW",793,6478,1,-0.0207615455581437,-0.0232375160234185,0.0024759704652748,"raw_net_import_ratio","upper",0.1
"NW",793,6478,1,0.00104666555712234,6.04002144475792e-05,0.000986265342674764,"net_import_dependence","upper",0.1
"NW",793,6478,1,0.021808211115266,0.023297916237866,-0.00148970512260003,"net_export_intensity","upper",0.1
